bot,x_avg_pos,y_avg_pos,pos_err,time
usafabot02.302752.527.7169922170949120.0002
usafabot12.0032.527.9308075250251240.0002
usafabot21.60352.528.2182071055196570.0001
usafabot31.30352.7528.264953781140350.0
usafabot41.3032.2528.6081860487518470.0
usafabot51.00453.028.316267766956860.0003
usafabot61.004752.528.653979175020350.0001
usafabot71.00300000000000012.028.997827660016190.0002
usafabot82.0033.027.5840535273552550.0001
usafabot92.3033.027.3673493236009230.0001
usafabot102.601253.027.1534804686710450.0001
usafabot113.00253.026.8682899762898940.0001
usafabot123.3033.026.6566653765995230.0002
usafabot133.60149999999999973.026.448153097144610.0001
usafabot144.00353.026.170097673680930.0001
usafabot154.0032.026.9052412923578860.0
usafabot164.00324999999999952.526.535504716558530.0001
usafabot174.60352.026.5073237474098850.0001
usafabot184.604253.025.7606699847364240.0002
usafabot193.60149999999999972.027.1754448399653620.0001
usafabot203.302752.527.0154984696285040.0001
usafabot213.301252.027.37961379498440.0001
usafabot223.0032.527.223813270737810.0
usafabot233.00124999999999982.027.5853675263263440.0
usafabot242.00252.028.2825035357551040.0
