{
    "lie": [
        [
            1.095,
            1.095,
            1.095,
            3.3949999999999996,
            3.0949999999999998,
            2.395,
            2.6950000000000003,
            2.0949999999999998,
            1.6949999999999998,
            1.395,
            2.395,
            2.395,
            3.0949999999999998,
            2.6950000000000003,
            3.0949999999999998,
            3.3949999999999996,
            3.3949999999999996,
            3.6950000000000003,
            3.6950000000000003,
            2.0949999999999998
        ],
        [
            2.0,
            2.5,
            3.0,
            2.5,
            2.0,
            2.0,
            3.0,
            3.0,
            2.0,
            2.0,
            2.5,
            3.0,
            2.5,
            2.0,
            3.0,
            2.0,
            3.0,
            2.0,
            3.0,
            2.0
        ]
    ],
    "kl": [
        [
            1.8583333333333334,
            1.8583333333333334,
            2.158333333333333,
            2.8583333333333334,
            2.4583333333333335,
            3.4583333333333335,
            2.158333333333333,
            1.8583333333333334,
            2.4583333333333335,
            2.8583333333333334,
            2.8583333333333334,
            3.158333333333333
        ],
        [
            2.0,
            3.0,
            2.75,
            2.0,
            2.0,
            2.0,
            2.25,
            2.5,
            3.0,
            2.5,
            3.0,
            2.0
        ]
    ],
    "kill": [
        [
            0.9291666666666667,
            0.9291666666666667,
            0.9291666666666667,
            2.9291666666666667,
            2.529166666666667,
            1.9291666666666667,
            1.5291666666666668,
            2.9291666666666667,
            2.229166666666667,
            2.229166666666667,
            2.229166666666667,
            2.529166666666667,
            3.2291666666666665,
            3.529166666666667,
            3.9291666666666667,
            3.9291666666666667,
            3.9291666666666667,
            1.2291666666666667,
            4.229166666666666,
            1.2291666666666667,
            1.5291666666666668,
            1.9291666666666667,
            2.9291666666666667,
            4.529166666666667
        ],
        [
            2.0,
            2.5,
            3.0,
            2.5,
            2.0,
            3.0,
            3.0,
            3.0,
            2.0,
            2.5,
            3.0,
            3.0,
            2.0,
            2.0,
            2.0,
            2.5,
            3.0,
            2.75,
            2.0,
            2.25,
            2.0,
            2.0,
            2.0,
            2.0
        ]
    ],
    "kk": [
        [
            1.7428571428571429,
            1.7428571428571429,
            2.742857142857143,
            2.742857142857143,
            3.0428571428571427,
            3.0428571428571427,
            2.742857142857143,
            1.7428571428571429,
            2.0428571428571427,
            2.0428571428571427,
            2.342857142857143,
            2.342857142857143,
            3.342857142857143,
            3.342857142857143
        ],
        [
            2.0,
            2.5,
            2.0,
            3.0,
            2.75,
            2.25,
            2.5,
            3.0,
            2.25,
            2.75,
            2.0,
            3.0,
            2.0,
            3.0
        ]
    ],
    "hi": [
        [
            3.3,
            3.0,
            2.7,
            2.3,
            2.3,
            1.7,
            2.0,
            1.7,
            1.7,
            3.0,
            2.3,
            2.7,
            3.0,
            3.3
        ],
        [
            2.0,
            2.0,
            2.0,
            2.0,
            2.5,
            2.0,
            2.5,
            2.5,
            3.0,
            2.5,
            3.0,
            3.0,
            3.0,
            3.0
        ]
    ],
    "afa": [
        [
            1.8333333333333335,
            1.2333333333333334,
            3.6833333333333336,
            3.533333333333333,
            3.3833333333333333,
            3.2333333333333334,
            1.5333333333333334,
            1.3833333333333333,
            2.2333333333333334,
            2.2333333333333334,
            2.533333333333333,
            1.6833333333333333,
            1.5333333333333334,
            2.2333333333333334,
            2.533333333333333,
            2.8333333333333335,
            3.533333333333333,
            3.8333333333333335
        ],
        [
            2.0,
            2.0,
            2.5,
            2.5,
            2.5,
            2.0,
            2.5,
            2.5,
            2.0,
            2.5,
            2.5,
            2.5,
            3.0,
            3.0,
            3.0,
            3.0,
            3.0,
            2.0
        ]
    ],
    "A": [
        [
            2.8000000000000003,
            2.6500000000000004,
            2.5,
            2.2,
            2.5,
            2.35
        ],
        [
            2.0,
            2.5,
            2.5,
            2.0,
            3.0,
            2.5
        ]
    ],
    "a": [
        [
            2.8000000000000003,
            2.6500000000000004,
            2.5,
            2.5,
            2.2,
            2.35
        ],
        [
            2.0,
            2.5,
            3.0,
            2.5,
            2.0,
            2.5
        ]
    ],
    "HI": [
        [
            3.3,
            3.0,
            2.7,
            2.3,
            1.7,
            2.3,
            2.0,
            1.7,
            1.7,
            2.3,
            3.0,
            2.7,
            3.0,
            3.3
        ],
        [
            2.0,
            2.0,
            2.0,
            2.0,
            2.0,
            2.5,
            2.5,
            2.5,
            3.0,
            3.0,
            2.5,
            3.0,
            3.0,
            3.0
        ]
    ],
    "Hi": [
        [
            3.3,
            3.0,
            2.7,
            2.3,
            1.7,
            2.3,
            2.0,
            1.7,
            1.7,
            2.3,
            3.0,
            2.7,
            3.0,
            3.3
        ],
        [
            2.0,
            2.0,
            2.0,
            2.0,
            2.0,
            2.5,
            2.5,
            2.5,
            3.0,
            3.0,
            2.5,
            3.0,
            3.0,
            3.0
        ]
    ]
}