{
    "hi": [
        [
            1.7,
            1.7,
            1.7,
            3.3,
            3.0,
            3.0,
            2.7,
            2.7,
            2.0,
            2.3,
            2.3,
            2.3,
            3.0,
            3.3
        ],
        [
            0.0,
            0.5,
            1.0,
            0.0,
            0.0,
            0.5,
            0.0,
            1.0,
            0.5,
            0.0,
            0.5,
            1.0,
            1.0,
            1.0
        ]
    ],
    "hy": [
        [
            1.7,
            1.7,
            1.7,
            3.3,
            3.0,
            3.0,
            2.7,
            2.7,
            2.0,
            2.3,
            2.3,
            2.3,
            3.0,
            3.3
        ],
        [
            0.0,
            0.5,
            1.0,
            0.0,
            0.0,
            0.5,
            0.0,
            1.0,
            0.5,
            0.0,
            0.5,
            1.0,
            1.0,
            1.0
        ]
    ],
    "ju": [
        [
            1.7428571428571429,
            1.7428571428571429,
            1.7428571428571429,
            2.742857142857143,
            3.0428571428571427,
            2.742857142857143,
            2.342857142857143,
            2.742857142857143,
            2.0428571428571427,
            2.0428571428571427,
            2.0428571428571427,
            3.342857142857143,
            3.342857142857143,
            3.342857142857143
        ],
        [
            0.0,
            0.3,
            1.0,
            1.0,
            0.0,
            0.5,
            1.0,
            0.0,
            0.0,
            0.5,
            1.0,
            0.0,
            0.5,
            1.0
        ]
    ]
}