{
    "lie": [
        [
            1.095,
            1.095,
            1.095,
            3.3949999999999996,
            3.0949999999999998,
            2.395,
            2.6950000000000003,
            2.0949999999999998,
            1.6949999999999998,
            1.395,
            2.395,
            2.395,
            3.0949999999999998,
            2.6950000000000003,
            3.0949999999999998,
            3.3949999999999996,
            3.3949999999999996,
            3.6950000000000003,
            3.6950000000000003,
            2.0949999999999998
        ],
        [
            2.0,
            2.5,
            3.0,
            2.5,
            2.0,
            2.0,
            3.0,
            3.0,
            2.0,
            2.0,
            2.5,
            3.0,
            2.5,
            2.0,
            3.0,
            2.0,
            3.0,
            2.0,
            3.0,
            2.0
        ]
    ],
    "kl": [
        [
            1.8583333333333334,
            1.8583333333333334,
            2.158333333333333,
            2.8583333333333334,
            2.4583333333333335,
            3.4583333333333335,
            2.158333333333333,
            1.8583333333333334,
            2.4583333333333335,
            2.8583333333333334,
            2.8583333333333334,
            3.158333333333333
        ],
        [
            2.0,
            3.0,
            2.75,
            2.0,
            2.0,
            2.0,
            2.25,
            2.5,
            3.0,
            2.5,
            3.0,
            2.0
        ]
    ],
    "kill": [
        [
            0.9291666666666667,
            0.9291666666666667,
            0.9291666666666667,
            2.9291666666666667,
            2.529166666666667,
            1.9291666666666667,
            1.5291666666666668,
            2.9291666666666667,
            2.229166666666667,
            2.229166666666667,
            2.229166666666667,
            2.529166666666667,
            3.2291666666666665,
            3.529166666666667,
            3.9291666666666667,
            3.9291666666666667,
            3.9291666666666667,
            1.2291666666666667,
            4.229166666666666,
            1.2291666666666667,
            1.5291666666666668,
            1.9291666666666667,
            2.9291666666666667,
            4.529166666666667
        ],
        [
            2.0,
            2.5,
            3.0,
            2.5,
            2.0,
            3.0,
            3.0,
            3.0,
            2.0,
            2.5,
            3.0,
            3.0,
            2.0,
            2.0,
            2.0,
            2.5,
            3.0,
            2.75,
            2.0,
            2.25,
            2.0,
            2.0,
            2.0,
            2.0
        ]
    ],
    "hi": [
        [
            1.7,
            1.7,
            2.0,
            2.7,
            2.3,
            1.7,
            3.3,
            2.7,
            3.3,
            2.3,
            2.3,
            3.0,
            3.0,
            3.0
        ],
        [
            2.0,
            3.0,
            2.5,
            2.0,
            2.0,
            2.5,
            3.0,
            3.0,
            2.0,
            2.5,
            3.0,
            2.0,
            2.5,
            3.0
        ]
    ]
}